Codes,Names,No adults in employment in household: With dependent children,% of households with no adults in employment: With dependent children,All lone parent housholds with dependent children,Lone parents not in employment,Lone parent not in employment %,Economically active: Total,Economically inactive: Total,Economically active: Employee,Economically active: Self-employed,Economically active: Unemployed,Economically active: Full-time student,Employment Rate,Unemployment Rate,No qualifications,Highest level of qualification: Level 1 qualifications,Highest level of qualification: Level 2 qualifications,Highest level of qualification: Apprenticeship,Highest level of qualification: Level 3 qualifications,Highest level of qualification: Level 4 qualifications and above,Highest level of qualification: Other qualifications,Schoolchildren and full-time students: Age 18 and over,% No qualifications,% Highest level of qualification: Level 1 qualifications,% Highest level of qualification: Level 2 qualifications,% Highest level of qualification: Apprenticeship,% Highest level of qualification: Level 3 qualifications,% Highest level of qualification: Level 4 qualifications and above,% Highest level of qualification: Other qualifications,% Schoolchildren and full-time students: Age 18 and over,Day-to-day activities limited a lot,Day-to-day activities limited a little,Day-to-day activities not limited,Very good or Good health,Fair health,Bad or Very Bad health,Day-to-day activities limited a lot (%),Day-to-day activities limited a little (%),Day-to-day activities not limited (%),Very good or Good health (%),Fair health (%),Bad or Very Bad health (%),No cars or vans in household,1 car or van in household,2 cars or vans in household,3 cars or vans in household,4 or more cars or vans in household,Sum of all cars or vans in the area,No cars or vans in household (%),1 car or van in household (%),2 cars or vans in household (%),3 cars or vans in household (%),4 or more cars or vans in household (%),Cars per household
E01000907,Camden 001A,65,10,92,51,55.4,719,343,482,140,71,26,58.6,9.9,227,104,103,11,103,502,85,73,20,9.2,9.1,1,9.1,44.2,7.5,6.4,155,133,1142,1116,189,125,10.8,9.3,79.9,78,13.2,8.7,384,207,29,7,0,286,61.2,33,4.6,1.1,0,0.5
E01000908,Camden 001B,41,5,70,34,48.6,833,351,537,201,67,28,62.3,8,193,99,130,10,113,650,94,62,15,7.7,10.1,0.8,8.8,50.4,7.3,4.8,161,144,1276,1236,196,149,10.2,9.1,80.7,78.2,12.4,9.4,492,285,44,4,2,408,59.5,34.5,5.3,0.5,0.2,0.5
E01000909,Camden 001C,16,2,22,13,59.1,886,367,557,266,43,20,65.7,4.9,132,70,114,10,131,848,65,62,9.6,5.1,8.3,0.7,9.6,61.9,4.7,4.5,114,131,1369,1381,161,72,7.1,8.1,84.8,85.6,10,4.5,243,294,100,18,6,587,36.8,44.5,15.1,2.7,0.9,0.9
E01000912,Camden 001D,49,7,63,30,47.6,848,387,548,178,75,47,58.8,8.8,239,124,125,15,116,627,83,117,18,9.3,9.4,1.1,8.7,47.2,6.2,8.8,155,167,1267,1227,232,130,9.8,10.5,79.7,77.2,14.6,8.2,424,253,21,2,0,301,60.6,36.1,3,0.3,0,0.4
E01000913,Camden 001E,6,1,16,2,12.5,963,323,588,335,20,20,71.8,2.1,70,70,136,6,133,925,78,57,4.9,4.9,9.6,0.4,9.4,65.2,5.5,4,70,94,1546,1533,124,53,4.1,5.5,90.4,89.6,7.3,3.1,161,309,193,43,16,893,22.3,42.8,26.7,6,2.2,1.2
E01000893,Camden 002A,12,2,22,8,36.4,936,258,563,322,34,17,74.1,3.6,48,31,93,9,97,944,79,53,3.7,2.4,7.1,0.7,7.5,72.6,6.1,4.1,63,89,1414,1413,110,43,4,5.7,90.3,90.2,7,2.7,313,302,83,11,6,537,43.8,42.2,11.6,1.5,0.8,0.8
E01000894,Camden 002B,9,2,12,3,25,799,235,508,245,29,17,72.8,3.6,34,42,73,2,85,806,88,46,3,3.7,6.5,0.2,7.5,71.3,7.8,4.1,47,68,1274,1266,94,29,3.4,4.9,91.7,91.1,6.8,2.1,239,279,73,22,6,522,38.6,45.1,11.8,3.6,1,0.8
E01000895,Camden 002C,9,1,28,7,25,925,276,616,256,28,25,72.6,3,131,64,83,14,116,857,114,66,9.5,4.6,6,1,8.4,62.1,8.3,4.8,132,117,1381,1358,187,85,8.1,7.2,84.7,83.3,11.5,5.2,465,315,46,12,3,458,55.3,37.5,5.5,1.4,0.4,0.5
E01000896,Camden 002D,16,2,11,4,36.4,951,304,633,265,37,16,71.6,3.9,65,49,92,6,75,1024,80,54,4.7,3.5,6.6,0.4,5.4,73.6,5.8,3.9,66,89,1537,1520,121,51,3.9,5.3,90.8,89.8,7.2,3,300,340,94,13,9,625,39.7,45,12.4,1.7,1.2,0.8
E01000899,Camden 002E,10,1,18,7,38.9,848,353,513,302,21,12,67.9,2.5,83,68,116,6,112,839,116,50,6.2,5.1,8.7,0.4,8.4,62.6,8.7,3.7,73,87,1507,1517,109,41,4.4,5.2,90.4,91,6.5,2.5,181,316,164,30,7,767,25.9,45.3,23.5,4.3,1,1.1
E01000910,Camden 003A,11,2,12,3,25,853,280,541,249,33,30,69.7,3.9,84,59,108,11,106,810,43,61,6.9,4.8,8.8,0.9,8.7,66.3,3.5,5,65,116,1291,1309,119,44,4.4,7.9,87.7,88.9,8.1,3,224,281,72,9,2,461,38.1,47.8,12.2,1.5,0.3,0.8
E01000911,Camden 003B,37,6,52,22,42.3,814,319,541,201,52,20,65.5,6.4,192,85,98,18,114,661,73,70,15.5,6.8,7.9,1.5,9.2,53.3,5.9,5.6,93,145,1321,1305,172,82,6,9.3,84.7,83.7,11,5.3,334,283,43,2,1,380,50.4,42.7,6.5,0.3,0.2,0.6
E01000921,Camden 003C,37,4,53,35,66,1326,336,953,261,63,49,73,4.8,155,105,132,10,162,1032,96,130,9.2,6.2,7.8,0.6,9.6,61,5.7,7.7,86,122,1758,1707,179,80,4.4,6.2,89.4,86.8,9.1,4.1,669,243,26,7,1,332,70.7,25.7,2.7,0.7,0.1,0.4
E01000923,Camden 003D,18,3,49,17,34.7,863,316,570,197,61,35,65.1,7.1,176,75,105,3,108,732,65,98,13.9,5.9,8.3,0.2,8.5,57.9,5.1,7.8,163,115,1216,1207,174,113,10.9,7.7,81.4,80.8,11.6,7.6,353,264,38,1,0,343,53.8,40.2,5.8,0.2,0,0.5
E01000928,Camden 003E,40,6,56,29,51.8,900,364,616,212,51,21,65.5,5.7,237,94,112,18,113,697,106,77,17.2,6.8,8.1,1.3,8.2,50.6,7.7,5.6,169,143,1369,1373,207,101,10.1,8.5,81.4,81.7,12.3,6,381,257,40,2,2,352,55.9,37.7,5.9,0.3,0.3,0.5
E01000878,Camden 004A,16,3,19,10,52.6,739,550,459,154,33,93,47.6,4.5,110,62,108,9,332,653,158,390,7.7,4.3,7.5,0.6,23.2,45.6,11,27.2,65,108,1451,1423,150,51,4,6.7,89.3,87.6,9.2,3.1,188,240,92,21,9,525,34.2,43.6,16.7,3.8,1.6,1
E01000879,Camden 004B,10,2,17,5,29.4,795,324,514,180,36,65,62,4.5,63,53,101,12,157,732,102,158,5.2,4.3,8.3,1,12.9,60,8.4,13,55,92,1311,1313,108,37,3.8,6.3,89.9,90.1,7.4,2.5,276,247,63,12,4,429,45.8,41,10.5,2,0.7,0.7
E01000880,Camden 004C,11,2,20,7,35,819,285,565,214,27,13,70.6,3.3,59,50,92,6,72,825,108,59,4.9,4.1,7.6,0.5,5.9,68.1,8.9,4.9,56,70,1476,1459,114,29,3.5,4.4,92.1,91.1,7.1,1.8,221,302,78,17,3,522,35.6,48.6,12.6,2.7,0.5,0.8
E01000884,Camden 004D,16,3,21,8,38.1,743,313,454,241,25,23,65.8,3.4,55,42,100,5,87,739,104,80,4.9,3.7,8.8,0.4,7.7,65.3,9.2,7.1,42,74,1353,1329,108,32,2.9,5,92.1,90.5,7.4,2.2,151,235,149,34,8,670,26.2,40.7,25.8,5.9,1.4,1.2
E01000885,Camden 004E,12,2,22,8,36.4,688,330,418,232,21,17,63.9,3.1,129,61,100,5,89,678,135,50,10.8,5.1,8.4,0.4,7.4,56.6,11.3,4.2,112,78,1294,1294,138,52,7.5,5.3,87.2,87.2,9.3,3.5,117,294,132,29,20,741,19.8,49.7,22.3,4.9,3.4,1.3
E01000871,Camden 005A,21,3,22,13,59.1,933,334,598,239,61,35,66.1,6.5,119,83,96,13,131,782,128,93,8.8,6.1,7.1,1,9.7,57.8,9.5,6.9,80,112,1472,1445,156,63,4.8,6.7,88.5,86.8,9.4,3.8,232,269,94,30,7,579,36.7,42.6,14.9,4.7,1.1,0.9
E01000872,Camden 005B,36,4,45,22,48.9,1270,353,928,220,70,52,70.7,5.5,187,119,122,19,148,861,212,122,11.2,7.1,7.3,1.1,8.9,51.6,12.7,7.3,125,129,1648,1645,177,80,6.6,6.8,86.6,86.5,9.3,4.2,594,254,62,3,0,387,65.1,27.8,6.8,0.3,0,0.4
E01000873,Camden 005C,16,2,43,12,27.9,1053,264,788,206,44,15,75.5,4.2,92,58,95,16,115,908,102,55,6.6,4.2,6.9,1.2,8.3,65.5,7.4,4,61,104,1474,1466,111,62,3.7,6.3,89.9,89.4,6.8,3.8,318,304,80,8,0,488,44.8,42.8,11.3,1.1,0,0.7
E01000874,Camden 005D,8,1,20,5,25,984,261,703,213,35,33,73.6,3.6,58,51,86,5,100,899,133,97,4.4,3.8,6.5,0.4,7.5,67.5,10,7.3,46,83,1430,1418,109,32,3,5.3,91.7,91,7,2.1,323,330,48,3,0,435,45.9,46.9,6.8,0.4,0,0.6
E01000877,Camden 005E,11,2,28,7,25,1033,263,756,198,54,25,73.6,5.2,86,76,101,10,120,870,93,64,6.3,5.6,7.4,0.7,8.8,64.2,6.9,4.7,71,107,1396,1381,137,56,4.5,6.8,88.7,87.7,8.7,3.6,354,294,67,6,5,466,48.8,40.5,9.2,0.8,0.7,0.6
E01000886,Camden 006A,30,5,45,23,51.1,841,271,544,236,37,24,70.1,4.4,91,79,92,7,100,729,75,59,7.8,6.7,7.8,0.6,8.5,62.1,6.4,5,87,94,1264,1255,129,61,6,6.5,87.5,86.9,8.9,4.2,256,282,62,6,0,424,42.2,46.5,10.2,1,0,0.7
E01000887,Camden 006B,24,4,33,19,57.6,944,246,674,188,55,27,72.4,5.8,127,83,75,7,94,770,108,70,10,6.6,5.9,0.6,7.4,60.9,8.5,5.5,97,92,1297,1264,145,77,6.5,6.2,87.3,85.1,9.8,5.2,385,253,44,7,1,366,55.8,36.7,6.4,1,0.1,0.5
E01000888,Camden 006C,22,3,36,16,44.4,877,327,585,197,58,37,65,6.6,148,77,103,19,104,756,72,117,11.6,6,8.1,1.5,8.1,59.1,5.6,9.1,96,116,1393,1377,138,90,6,7.2,86.8,85.8,8.6,5.6,373,264,51,9,0,393,53.5,37.9,7.3,1.3,0,0.6
E01000892,Camden 006D,44,5,57,34,59.6,998,374,691,227,50,30,66.9,5,141,93,131,15,134,838,129,82,9.5,6.3,8.8,1,9,56.6,8.7,5.5,131,132,1580,1549,191,103,7.1,7.2,85.7,84,10.4,5.6,426,340,49,7,1,464,51.8,41.3,6,0.9,0.1,0.6
E01000903,Camden 006E,16,2,26,13,50,832,316,523,218,57,34,64.5,6.9,143,69,103,8,115,707,102,98,11.5,5.5,8.3,0.6,9.2,56.7,8.2,7.9,112,114,1213,1186,166,87,7.8,7.9,84.3,82.4,11.5,6,357,292,31,6,0,372,52,42.6,4.5,0.9,0,0.5
E01000889,Camden 007A,69,11,87,48,55.2,764,452,537,87,90,50,51.3,11.8,344,152,142,25,144,371,126,109,26.4,11.7,10.9,1.9,11,28.5,9.7,8.4,187,180,1303,1247,238,185,11.2,10.8,78,74.7,14.3,11.1,424,190,36,7,0,283,64.5,28.9,5.5,1.1,0,0.4
E01000890,Camden 007B,70,9,89,55,61.8,679,507,455,86,90,48,45.6,13.3,404,166,148,11,120,327,145,103,30.6,12.6,11.2,0.8,9.1,24.8,11,7.8,248,196,1196,1153,273,214,15.1,12,72.9,70.3,16.6,13,545,191,30,0,1,255,71.1,24.9,3.9,0,0.1,0.3
E01000891,Camden 007C,81,12,102,63,61.8,638,500,431,77,88,42,44.6,13.8,360,150,126,15,142,339,102,138,29.2,12.2,10.2,1.2,11.5,27.5,8.3,11.2,230,167,1178,1182,218,175,14.6,10.6,74.8,75,13.8,11.1,508,148,13,1,2,185,75.6,22,1.9,0.1,0.3,0.3
E01000901,Camden 007D,100,14,116,67,57.8,806,612,536,94,92,84,44.4,11.4,328,179,141,18,173,507,128,291,22.3,12.1,9.6,1.2,11.7,34.4,8.7,19.7,193,166,1618,1568,265,144,9.8,8.4,81.8,79.3,13.4,7.3,483,202,17,1,0,239,68.7,28.7,2.4,0.1,0,0.3
E01000922,Camden 007E,38,6,49,33,67.3,820,440,563,152,49,56,56.7,6,189,104,104,12,251,584,78,254,14.3,7.9,7.9,0.9,19,44.2,5.9,19.2,93,119,1335,1321,153,73,6,7.7,86.3,85.4,9.9,4.7,428,202,20,0,3,271,65.5,30.9,3.1,0,0.5,0.4
E01000927,Camden 007F,37,5,44,30,68.2,1055,364,716,254,48,37,68.4,4.5,192,71,94,14,135,885,105,129,12.8,4.7,6.3,0.9,9,59.2,7,8.6,108,123,1507,1466,191,81,6.2,7.1,86.7,84.3,11,4.7,401,293,38,2,0,375,54.6,39.9,5.2,0.3,0,0.5
E01000881,Camden 008A,16,3,18,10,55.6,842,320,571,196,39,36,66,4.6,63,49,57,3,121,768,172,161,5.1,4,4.6,0.2,9.8,62.3,13.9,13.1,82,92,1336,1333,124,53,5.4,6.1,88.5,88.3,8.2,3.5,336,225,57,11,3,385,53.2,35.6,9,1.7,0.5,0.6
E01000882,Camden 008B,4,1,15,4,26.7,980,218,690,243,25,22,77.9,2.6,40,29,67,5,84,916,128,51,3.2,2.3,5.3,0.4,6.6,72.2,10.1,4,33,64,1416,1394,99,20,2.2,4.2,93.6,92.1,6.5,1.3,331,313,69,9,6,505,45.5,43,9.5,1.2,0.8,0.7
E01000883,Camden 008C,16,3,15,9,60,761,304,563,143,38,17,66.3,5,78,33,62,4,82,734,151,119,6.8,2.9,5.4,0.3,7.2,64.2,13.2,10.4,58,86,1182,1181,107,38,4.4,6.5,89.1,89.1,8.1,2.9,392,200,36,8,2,304,61.4,31.3,5.6,1.3,0.3,0.5
E01000897,Camden 008D,5,1,7,3,42.9,901,260,614,242,30,15,73.7,3.3,59,40,68,0,76,945,97,53,4.6,3.1,5.3,0,5.9,73.5,7.5,4.1,65,85,1447,1450,108,39,4.1,5.3,90.6,90.8,6.8,2.4,268,340,94,12,7,596,37.2,47.2,13,1.7,1,0.8
E01000898,Camden 008E,22,3,29,11,37.9,1039,338,804,150,52,33,69.3,5,147,61,89,7,117,934,117,93,10,4.1,6,0.5,7.9,63.5,7.9,6.3,136,127,1466,1464,170,95,7.9,7.3,84.8,84.7,9.8,5.5,561,234,48,7,0,351,66,27.5,5.6,0.8,0,0.4
E01000866,Camden 009A,45,5,64,30,46.9,1140,466,753,246,81,60,62.2,7.1,245,134,148,17,188,866,119,160,14.3,7.8,8.6,1,10.9,50.4,6.9,9.3,187,152,1691,1630,245,155,9.2,7.5,83.3,80.3,12.1,7.6,576,298,48,3,1,407,62.2,32.2,5.2,0.3,0.1,0.4
E01000870,Camden 009B,41,5,63,34,54,955,402,623,215,71,46,61.8,7.4,225,126,136,22,142,698,75,110,15.8,8.8,9.6,1.5,10,49,5.3,7.7,171,135,1387,1369,195,129,10.1,8,81.9,80.9,11.5,7.6,457,282,31,4,0,356,59,36.4,4,0.5,0,0.5
E01000924,Camden 009C,21,3,36,14,38.9,1050,332,716,248,52,34,69.8,5,122,97,116,11,98,904,88,109,8.5,6.8,8.1,0.8,6.8,63,6.1,7.6,110,90,1437,1412,145,80,6.7,5.5,87.8,86.3,8.9,4.9,477,281,32,2,3,363,60,35.3,4,0.3,0.4,0.5
E01000925,Camden 009D,69,11,83,50,60.2,679,405,441,116,81,41,51.4,11.9,298,123,124,15,116,402,95,120,25.4,10.5,10.6,1.3,9.9,34.3,8.1,10.2,141,167,1255,1232,208,123,9,10.7,80.3,78.8,13.3,7.9,443,166,17,3,0,209,70.4,26.4,2.7,0.5,0,0.3
E01000926,Camden 009E,37,5,55,25,45.5,1152,338,885,180,45,42,71.5,3.9,166,84,108,15,151,937,76,151,10.8,5.5,7,1,9.8,61,4.9,9.8,89,91,1611,1548,152,91,5,5.1,89.9,86.4,8.5,5.1,446,226,22,2,2,290,63.9,32.4,3.2,0.3,0.3,0.4
E01000969,Camden 010A,17,2,32,10,31.2,1430,290,1087,260,56,27,78.3,3.9,73,62,78,14,115,1278,171,95,4.1,3.5,4.4,0.8,6.4,71.4,9.5,5.3,74,85,1873,1839,142,51,3.6,4.2,92.2,90.5,7,2.5,508,362,71,12,1,545,53.2,37.9,7.4,1.3,0.1,0.6
E01000970,Camden 010B,8,1,17,6,35.3,1140,191,898,183,39,20,81.2,3.4,60,46,77,11,81,984,103,68,4.4,3.4,5.7,0.8,5.9,72.2,7.6,5,59,62,1323,1318,86,40,4.1,4.3,91.6,91.3,6,2.8,511,276,42,2,0,366,61.5,33.2,5.1,0.2,0,0.4
E01000971,Camden 010C,11,2,19,8,42.1,945,232,690,187,38,30,74.5,4,99,60,71,13,83,798,113,69,8,4.9,5.7,1.1,6.7,64.5,9.1,5.6,85,80,1313,1303,117,58,5.8,5.4,88.8,88.2,7.9,3.9,299,287,44,15,4,437,46.1,44.2,6.8,2.3,0.6,0.7
E01000972,Camden 010D,72,8,88,50,56.8,1096,515,779,169,90,58,58.8,8.2,251,130,136,20,162,810,167,151,15,7.8,8.1,1.2,9.7,48.3,10,9,202,157,1650,1620,214,175,10.1,7.8,82.1,80.6,10.7,8.7,634,274,37,4,0,360,66.8,28.9,3.9,0.4,0,0.4
E01000973,Camden 010E,42,5,58,29,50,1247,366,940,172,88,47,68.9,7.1,181,113,128,15,155,939,123,137,10.9,6.8,7.7,0.9,9.4,56.8,7.4,8.3,121,121,1643,1588,186,111,6.4,6.4,87.2,84.2,9.9,5.9,562,283,45,4,0,385,62.9,31.7,5,0.4,0,0.4
E01000842,Camden 011A,8,1,18,5,27.8,887,288,597,233,35,22,70.6,3.9,52,46,85,7,74,877,116,74,4.1,3.7,6.8,0.6,5.9,69.8,9.2,5.9,64,83,1297,1295,113,36,4.4,5.7,89.8,89.7,7.8,2.5,353,307,52,11,1,448,48.8,42.4,7.2,1.5,0.1,0.6
E01000844,Camden 011B,11,1,17,7,41.2,1125,283,798,270,35,22,75.9,3.1,68,48,74,8,93,1052,140,66,4.6,3.2,5,0.5,6.3,70.9,9.4,4.5,68,92,1612,1586,132,54,3.8,5.2,91,89.5,7.4,3,464,318,81,5,2,512,53.3,36.6,9.3,0.6,0.2,0.6
E01000848,Camden 011C,4,1,8,0,0,1050,223,741,254,41,14,78.2,3.9,101,42,70,9,88,920,134,50,7.4,3.1,5.1,0.7,6.5,67.4,9.8,3.7,65,84,1439,1414,129,45,4.1,5.3,90.6,89,8.1,2.8,396,350,53,5,1,475,49.2,43.5,6.6,0.6,0.1,0.6
E01000849,Camden 011D,10,1,26,10,38.5,1020,254,748,205,33,34,74.8,3.2,76,51,82,14,99,943,107,81,5.5,3.7,6,1,7.2,68.7,7.8,5.9,77,89,1403,1386,138,45,4.9,5.7,89.4,88.3,8.8,2.9,548,273,36,4,1,362,63.6,31.7,4.2,0.5,0.1,0.4
E01000900,Camden 012A,50,7,67,41,61.2,985,415,697,165,87,36,61.6,8.8,282,157,104,21,187,627,102,115,19.1,10.6,7,1.4,12.6,42.4,6.9,7.8,174,157,1470,1452,206,143,9.7,8.7,81.6,80.6,11.4,7.9,494,221,38,3,1,315,65.3,29.2,5,0.4,0.1,0.4
E01000902,Camden 012B,62,11,82,46,56.1,630,396,436,89,67,38,51.2,10.6,241,121,122,13,92,394,119,98,21.9,11,11.1,1.2,8.3,35.8,10.8,8.9,138,148,1165,1116,221,114,9.5,10.2,80.3,76.9,15.2,7.9,398,164,26,2,0,222,67.5,27.8,4.4,0.3,0,0.4
E01000904,Camden 012C,78,9,86,43,50,1139,501,785,173,100,81,58.4,8.8,315,176,174,22,167,710,175,180,18.1,10.1,10,1.3,9.6,40.8,10.1,10.4,197,180,1743,1715,252,153,9.3,8.5,82.2,80.9,11.9,7.2,600,282,34,2,0,356,65.4,30.7,3.7,0.2,0,0.4
E01000905,Camden 012D,108,13,120,82,68.3,804,588,543,103,96,62,46.4,11.9,447,181,143,24,169,415,153,155,29.2,11.8,9.3,1.6,11,27.1,10,10.1,236,216,1592,1524,316,204,11.5,10.6,77.9,74.6,15.5,10,581,200,28,2,1,266,71.6,24.6,3.4,0.2,0.1,0.3
E01000906,Camden 012E,14,2,21,11,52.4,989,257,701,218,39,31,73.8,3.9,99,57,89,8,106,928,93,94,7.2,4.1,6.4,0.6,7.7,67.2,6.7,6.8,86,126,1320,1312,150,70,5.6,8.2,86.2,85.6,9.8,4.6,418,301,52,13,4,462,53,38.2,6.6,1.6,0.5,0.6
E01000875,Camden 013A,35,4,65,27,41.5,1047,347,791,168,60,28,68.8,5.7,136,80,104,17,146,815,155,121,9.4,5.5,7.2,1.2,10,56.1,10.7,8.3,105,116,1433,1403,160,91,6.3,7,86.6,84.8,9.7,5.5,557,240,33,3,6,344,66.4,28.6,3.9,0.4,0.7,0.4
E01000876,Camden 013B,59,7,67,45,67.2,942,417,666,138,91,47,59.2,9.7,244,107,129,13,130,633,171,131,17.1,7.5,9,0.9,9.1,44.4,12,9.2,192,135,1421,1401,199,148,11,7.7,81.3,80.1,11.4,8.5,519,250,29,1,1,316,64.9,31.2,3.6,0.1,0.1,0.4
E01000931,Camden 013C,68,8,86,46,53.5,1022,472,745,120,111,46,57.9,10.9,326,153,168,16,134,595,197,116,20.5,9.6,10.6,1,8.4,37.4,12.4,7.3,185,187,1538,1501,241,168,9.7,9.8,80.5,78.6,12.6,8.8,612,229,31,1,0,294,70.1,26.2,3.6,0.1,0,0.3
E01000932,Camden 013D,33,4,56,28,50,1282,323,1006,186,54,36,74.3,4.2,166,99,108,18,102,1018,159,87,9.9,5.9,6.5,1.1,6.1,61,9.5,5.2,138,154,1546,1533,193,112,7.5,8.4,84.1,83.4,10.5,6.1,618,289,36,1,3,378,65.3,30.5,3.8,0.1,0.3,0.4
E01000974,Camden 013E,44,5,66,27,40.9,1033,381,760,139,79,55,63.6,7.6,230,122,152,25,124,683,155,131,15.4,8.2,10.2,1.7,8.3,45.8,10.4,8.8,159,128,1420,1388,197,122,9.3,7.5,83.2,81.3,11.5,7.1,533,248,32,8,0,336,64.9,30.2,3.9,1,0,0.4
E01000843,Camden 014A,60,7,70,48,68.6,983,316,661,230,67,25,68.6,6.8,114,76,98,3,95,866,118,89,8.3,5.5,7.2,0.2,6.9,63.2,8.6,6.5,76,80,1522,1465,151,62,4.5,4.8,90.7,87.3,9,3.7,486,314,40,3,3,419,57.4,37.1,4.7,0.4,0.4,0.5
E01000845,Camden 014B,17,2,26,10,38.5,887,279,622,202,33,30,70.7,3.7,86,81,72,7,99,803,108,89,6.8,6.4,5.7,0.6,7.9,63.9,8.6,7.1,92,65,1307,1283,115,66,6.3,4.4,89.3,87.6,7.9,4.5,350,313,53,11,4,468,47.9,42.8,7.3,1.5,0.5,0.6
E01000846,Camden 014C,60,10,81,45,55.6,655,372,423,133,62,37,54.1,9.5,206,74,123,16,109,477,121,87,18.3,6.6,10.9,1.4,9.7,42.4,10.7,7.7,130,119,1252,1239,167,95,8.7,7.9,83.4,82.5,11.1,6.3,332,222,46,15,1,363,53.9,36,7.5,2.4,0.2,0.6
E01000847,Camden 014D,53,8,65,39,60,785,386,507,189,68,21,59.4,8.7,173,110,119,11,120,580,145,84,13.8,8.7,9.5,0.9,9.5,46.1,11.5,6.7,107,110,1469,1435,164,87,6.3,6.5,87.1,85.1,9.7,5.2,325,255,75,14,8,485,48,37.7,11.1,2.1,1.2,0.7
E01000864,Camden 015A,28,4,48,21,43.8,946,330,631,214,55,46,66.2,5.8,143,87,109,8,165,739,80,158,10.7,6.5,8.2,0.6,12.4,55.5,6,11.9,84,109,1344,1298,158,81,5.5,7.1,87.4,84.5,10.3,5.3,425,246,38,8,0,346,59.3,34.3,5.3,1.1,0,0.5
E01000865,Camden 015B,6,1,12,4,33.3,713,617,382,169,34,128,41.4,4.8,75,51,91,7,432,623,89,599,5.5,3.7,6.7,0.5,31.6,45.5,6.5,43.8,48,66,1391,1357,96,52,3.2,4.4,92.4,90.2,6.4,3.5,252,166,27,5,1,240,55.9,36.8,6,1.1,0.2,0.5
E01000867,Camden 015C,38,6,56,27,48.2,772,453,521,118,54,79,52.2,7,256,101,99,9,156,544,136,225,19.7,7.8,7.6,0.7,12,41.8,10.5,17.3,139,136,1333,1296,196,116,8.6,8.5,82.9,80.6,12.2,7.2,489,162,20,4,0,214,72.4,24,3,0.6,0,0.3
E01000868,Camden 015D,48,8,79,39,49.4,700,314,476,104,90,30,57.2,12.9,242,131,128,9,95,353,91,78,23.1,12.5,12.2,0.9,9.1,33.7,8.7,7.4,151,145,1146,1132,191,119,10.5,10.1,79.5,78.5,13.2,8.3,372,193,15,4,0,235,63.7,33,2.6,0.7,0,0.4
E01000869,Camden 015E,33,3,60,26,43.3,1254,479,818,277,77,82,63.2,6.1,201,115,120,8,235,988,138,251,11.1,6.4,6.6,0.4,13,54.7,7.6,13.9,131,141,1838,1788,211,111,6.2,6.7,87.1,84.7,10,5.3,599,317,44,5,2,428,61.9,32.8,4.6,0.5,0.2,0.4
E01000962,Camden 016A,15,2,22,15,68.2,1131,199,855,199,50,27,79.2,4.4,58,44,65,5,95,989,120,82,4.2,3.2,4.7,0.4,6.9,71.9,8.7,6,45,63,1484,1475,82,35,2.8,4,93.2,92.7,5.2,2.2,390,303,47,5,0,412,52.3,40.7,6.3,0.7,0,0.6
E01000964,Camden 016B,35,5,46,26,56.5,896,324,658,166,51,21,67.5,5.7,105,84,96,17,100,789,118,89,8,6.4,7.3,1.3,7.6,60.3,9,6.8,97,114,1366,1356,154,67,6.2,7.2,86.6,86,9.8,4.2,374,284,50,4,1,401,52.5,39.8,7,0.6,0.1,0.6
E01000965,Camden 016C,26,3,35,19,54.3,964,279,771,133,29,31,72.7,3,100,74,77,6,89,855,114,91,7.6,5.6,5.9,0.5,6.8,65,8.7,6.9,94,86,1342,1331,137,54,6.2,5.7,88.2,87.5,9,3.5,419,290,42,12,1,415,54.8,38,5.5,1.6,0.1,0.5
E01000966,Camden 016D,7,1,9,4,44.4,1019,218,750,225,20,24,78.8,2,59,29,53,6,66,960,123,67,4.6,2.2,4.1,0.5,5.1,74.1,9.5,5.2,45,61,1406,1396,84,32,3,4,93,92.3,5.6,2.1,272,316,68,15,4,514,40.3,46.8,10.1,2.2,0.6,0.8
E01000968,Camden 016E,22,3,22,15,68.2,1013,262,813,141,39,20,74.8,3.8,112,66,58,10,93,901,96,68,8.4,4.9,4.3,0.7,7,67.4,7.2,5.1,100,80,1325,1313,121,71,6.6,5.3,88,87.2,8,4.7,424,295,37,3,1,382,55.8,38.8,4.9,0.4,0.1,0.5
E01000960,Camden 017A,34,4,38,21,55.3,1007,373,707,193,67,40,65.2,6.7,131,93,80,15,114,857,184,127,8.9,6.3,5.4,1,7.7,58.1,12.5,8.6,85,131,1558,1528,182,64,4.8,7.4,87.8,86.1,10.3,3.6,511,282,40,7,1,388,60.8,33.5,4.8,0.8,0.1,0.5
E01000961,Camden 017B,64,10,72,48,66.7,707,416,477,116,72,42,52.8,10.2,205,88,103,9,108,538,177,127,16.7,7.2,8.4,0.7,8.8,43.8,14.4,10.3,138,122,1331,1288,203,100,8.7,7.7,83.7,81,12.8,6.3,361,235,49,7,0,354,55.4,36,7.5,1.1,0,0.5
E01000963,Camden 017C,28,3,28,15,53.6,896,520,669,168,38,21,59.1,4.2,192,76,93,7,97,879,282,160,11.8,4.7,5.7,0.4,6,54.1,17.3,9.8,142,122,1659,1647,188,88,7.4,6.3,86.3,85.6,9.8,4.6,394,363,78,11,5,572,46.3,42.7,9.2,1.3,0.6,0.7
E01000967,Camden 017D,15,2,20,10,50,716,315,499,174,25,18,65.3,3.5,123,64,89,13,79,643,138,55,10.7,5.6,7.7,1.1,6.9,56,12,4.8,71,95,1243,1231,134,44,5,6.7,88.2,87.4,9.5,3.1,212,268,93,35,11,606,34.2,43.3,15,5.7,1.8,1
E01000857,Camden 018A,18,3,19,11,57.9,801,321,524,239,24,14,68,3,119,63,97,8,105,704,105,51,9.9,5.2,8.1,0.7,8.7,58.6,8.7,4.2,104,116,1227,1207,158,82,7.2,8,84.8,83.4,10.9,5.7,314,282,73,14,3,484,45.8,41.1,10.6,2,0.4,0.7
E01000858,Camden 018B,79,10,89,50,56.2,904,553,608,158,88,50,52.6,9.7,319,159,158,16,186,534,131,148,21.2,10.6,10.5,1.1,12.4,35.5,8.7,9.8,197,160,1504,1461,229,171,10.6,8.6,80.8,78.5,12.3,9.2,513,228,31,0,3,304,66.2,29.4,4,0,0.4,0.4
E01000859,Camden 018C,8,1,16,9,56.2,1034,255,627,343,41,23,75.3,4,73,66,80,5,95,930,98,48,5.4,4.9,5.9,0.4,7.1,69,7.3,3.6,69,94,1423,1415,114,57,4.4,5.9,89.7,89.2,7.2,3.6,356,356,81,13,1,561,44.1,44.1,10,1.6,0.1,0.7
E01000860,Camden 018D,12,2,23,8,34.8,687,352,450,185,31,21,61.1,4.5,184,63,87,10,61,670,69,69,16.1,5.5,7.6,0.9,5.3,58.6,6,6,112,130,1065,1037,182,88,8.6,9.9,81.5,79.3,13.9,6.7,520,222,48,6,1,341,65.2,27.9,6,0.8,0.1,0.4
E01000862,Camden 018E,15,2,20,11,55,1055,305,663,344,31,17,74,2.9,63,55,95,8,131,1010,103,100,4.3,3.8,6.5,0.5,8.9,68.9,7,6.8,62,95,1555,1556,113,43,3.6,5.5,90.8,90.9,6.6,2.5,359,333,93,24,7,627,44,40.8,11.4,2.9,0.9,0.8
E01000856,Camden 019A,44,7,50,29,58,839,407,508,187,100,44,55.8,11.9,225,130,117,14,167,497,144,148,17.4,10,9,1.1,12.9,38.4,11.1,11.4,149,136,1360,1335,186,124,9.1,8.3,82.7,81.2,11.3,7.5,420,173,32,3,0,246,66.9,27.5,5.1,0.5,0,0.4
E01000861,Camden 019B,26,4,51,18,35.3,914,425,597,194,68,55,59.1,7.4,154,104,110,15,212,669,120,256,11.1,7.5,7.9,1.1,15.3,48.3,8.7,18.5,104,141,1329,1311,178,85,6.6,9,84.4,83.3,11.3,5.4,532,173,23,1,0,222,73,23.7,3.2,0.1,0,0.3
E01000957,Camden 019C,60,8,70,43,61.4,927,452,654,137,82,54,57.4,8.8,223,117,129,13,194,600,159,191,15.5,8.2,9,0.9,13.5,41.8,11.1,13.3,144,127,1458,1402,204,123,8.3,7.3,84.3,81.1,11.8,7.1,488,253,20,4,0,305,63.8,33.1,2.6,0.5,0,0.4
E01000958,Camden 019D,73,9,95,51,53.7,1105,715,750,145,93,117,49.2,8.4,290,200,181,13,296,703,180,472,15.6,10.7,9.7,0.7,15.9,37.7,9.7,25.3,144,146,1974,1917,222,125,6.4,6.4,87.2,84.7,9.8,5.5,607,203,22,1,2,260,72.7,24.3,2.6,0.1,0.2,0.3
E01000959,Camden 019E,51,7,63,38,60.3,685,567,477,62,64,82,43.1,9.3,378,152,127,20,220,359,120,274,27.5,11,9.2,1.5,16,26.1,8.7,19.9,194,178,1298,1255,283,132,11.6,10.7,77.7,75.1,16.9,7.9,519,164,12,3,0,197,74.4,23.5,1.7,0.4,0,0.3
E01000929,Camden 020A,70,10,81,46,56.8,738,450,474,131,90,43,50.9,12.2,279,149,140,21,103,396,172,90,22.1,11.8,11.1,1.7,8.2,31.4,13.7,7.1,160,155,1360,1311,212,152,9.6,9.3,81.2,78.3,12.7,9.1,437,213,30,5,0,288,63.8,31.1,4.4,0.7,0,0.4
E01000930,Camden 020B,65,6,80,45,56.2,912,503,635,138,85,54,54.6,9.3,352,137,116,19,104,633,225,150,22.2,8.6,7.3,1.2,6.6,39.9,14.2,9.5,199,222,1489,1462,279,169,10.4,11.6,78,76.5,14.6,8.8,837,217,20,1,1,264,77.8,20.2,1.9,0.1,0.1,0.2
E01000933,Camden 020C,27,3,28,17,60.7,1119,295,801,203,73,42,71,6.5,144,82,106,10,137,870,143,99,9.7,5.5,7.1,0.7,9.2,58.3,9.6,6.6,129,120,1422,1414,163,94,7.7,7.2,85.1,84.6,9.8,5.6,479,284,49,8,1,410,58.3,34.6,6,1,0.1,0.5
E01000934,Camden 020D,59,8,65,41,63.1,755,423,519,98,85,53,52.4,11.3,273,112,132,8,103,478,204,138,20.8,8.5,10.1,0.6,7.9,36.5,15.6,10.5,205,144,1270,1229,261,129,12.7,8.9,78.4,75.9,16.1,8,515,196,18,1,2,244,70.4,26.8,2.5,0.1,0.3,0.3
E01000935,Camden 020E,66,11,86,47,54.7,676,324,489,79,70,38,56.8,10.4,195,115,132,16,88,368,133,86,18.6,11,12.6,1.5,8.4,35.1,12.7,8.2,120,111,1184,1135,181,99,8.5,7.8,83.7,80.2,12.8,7,432,169,21,0,2,227,69.2,27.1,3.4,0,0.3,0.4
E01000863,Camden 021A,15,2,31,15,48.4,984,306,636,209,64,75,65.5,6.5,116,75,108,13,157,740,127,188,8.7,5.6,8.1,1,11.8,55.4,9.5,14.1,90,110,1281,1289,130,62,6.1,7.4,86.5,87,8.8,4.2,486,149,28,2,2,219,72.9,22.3,4.2,0.3,0.3,0.3
E01000946,Camden 021B,32,5,46,25,54.3,798,401,571,155,38,34,60.6,4.8,172,88,104,13,155,649,121,180,13.2,6.8,8,1,11.9,49.8,9.3,13.8,91,111,1314,1298,130,88,6,7.3,86.7,85.6,8.6,5.8,429,206,66,11,3,383,60,28.8,9.2,1.5,0.4,0.5
E01000947,Camden 021C,29,3,31,18,58.1,1131,584,752,180,89,110,54.3,7.9,238,119,115,12,242,872,167,369,13.5,6.7,6.5,0.7,13.7,49.4,9.5,20.9,160,130,1664,1654,186,114,8.2,6.7,85.2,84.6,9.5,5.8,648,183,36,2,2,269,74.4,21,4.1,0.2,0.2,0.3
E01000948,Camden 021D,32,4,47,22,46.8,955,425,661,212,44,38,63.3,4.6,219,102,122,16,119,765,145,151,14.7,6.9,8.2,1.1,8,51.4,9.7,10.1,138,161,1437,1451,168,117,7.9,9.3,82.8,83.6,9.7,6.7,530,241,58,10,7,417,62.6,28.5,6.9,1.2,0.8,0.5
E01000952,Camden 022A,58,9,73,33,45.2,750,568,493,99,76,82,44.9,10.1,338,162,142,17,229,374,141,300,24.1,11.5,10.1,1.2,16.3,26.7,10,21.4,196,172,1361,1335,228,166,11.3,9.9,78.7,77.2,13.2,9.6,472,173,28,2,0,235,69.9,25.6,4.1,0.3,0,0.3
E01000953,Camden 022B,45,6,50,27,54,672,584,478,57,61,76,42.6,9.1,361,163,150,13,185,339,138,225,26.8,12.1,11.1,1,13.7,25.1,10.2,16.7,229,152,1262,1209,240,194,13.9,9.3,76.8,73.6,14.6,11.8,518,161,25,1,3,226,73.2,22.7,3.5,0.1,0.4,0.3
E01000954,Camden 022C,100,16,110,75,68.2,626,471,429,64,84,49,44.9,13.4,364,159,125,17,174,219,136,151,30.5,13.3,10.5,1.4,14.6,18.3,11.4,12.6,154,153,1349,1314,208,134,9.3,9.2,81.5,79.3,12.6,8.1,452,175,13,2,0,207,70.4,27.3,2,0.3,0,0.3
E01000955,Camden 022D,57,9,72,41,56.9,607,534,417,59,63,68,41.7,10.4,347,133,158,15,196,282,122,267,27.7,10.6,12.6,1.2,15.6,22.5,9.7,21.3,164,144,1287,1166,282,147,10.3,9,80.7,73.1,17.7,9.2,514,123,17,3,0,166,78.2,18.7,2.6,0.5,0,0.3
E01000956,Camden 022E,55,9,57,35,61.4,680,470,449,81,74,76,46.1,10.9,211,137,111,13,180,390,145,270,17.8,11.5,9.4,1.1,15.2,32.9,12.2,22.7,119,126,1287,1232,191,109,7.8,8.2,84,80.4,12.5,7.1,458,134,15,0,1,172,75.3,22,2.5,0,0.2,0.3
E01000944,Camden 023A,48,7,55,26,47.3,662,890,436,76,78,72,33,11.8,290,135,107,11,663,328,93,665,17.8,8.3,6.6,0.7,40.7,20.2,5.7,40.9,130,123,1646,1601,180,118,6.8,6.5,86.7,84.3,9.5,6.2,466,167,25,8,1,246,69.9,25,3.7,1.2,0.1,0.4
E01000945,Camden 023B,20,3,48,10,20.8,763,746,460,93,52,158,36.6,6.8,176,109,121,10,476,499,162,697,11.3,7,7.8,0.6,30.7,32.1,10.4,44.9,86,131,1604,1563,180,78,4.7,7.2,88.1,85.8,9.9,4.3,471,120,15,3,2,168,77.1,19.6,2.5,0.5,0.3,0.3
E01000949,Camden 023C,47,6,75,35,46.7,827,374,667,59,70,31,60.4,8.5,299,160,136,17,177,404,129,139,22.6,12.1,10.3,1.3,13.4,30.6,9.8,10.5,131,183,1319,1299,249,85,8,11.2,80.8,79.5,15.2,5.2,546,172,18,3,0,217,73.9,23.3,2.4,0.4,0,0.3
E01000950,Camden 023D,54,10,59,38,64.4,583,458,362,81,78,62,42.6,13.4,296,136,115,15,167,245,126,200,26.9,12.4,10.5,1.4,15.2,22.3,11.5,18.2,145,127,1159,1111,194,126,10.1,8.9,81,77.6,13.6,8.8,404,133,12,0,1,161,73.5,24.2,2.2,0,0.2,0.3
E01000951,Camden 023E,46,8,59,28,47.5,593,513,381,66,80,66,40.4,13.5,302,122,117,12,190,339,136,274,24.8,10,9.6,1,15.6,27.8,11.2,22.5,153,156,1229,1196,225,117,9.9,10.1,79.9,77.8,14.6,7.6,435,152,15,1,0,185,72.1,25.2,2.5,0.2,0,0.3
E01000936,Camden 024A,46,9,78,39,50,715,754,402,125,73,115,35.9,10.2,174,106,132,8,335,645,125,604,11.4,7,8.7,0.5,22,42.3,8.2,39.6,110,116,1613,1580,159,100,6,6.3,87.7,85.9,8.6,5.4,357,163,13,2,1,199,66.6,30.4,2.4,0.4,0.2,0.4
E01000938,Camden 024B,37,5,101,27,26.7,904,450,562,112,95,135,49.8,10.5,157,128,136,6,277,544,142,368,11.3,9.2,9.8,0.4,19.9,39.1,10.2,26.5,101,106,1545,1496,168,88,5.8,6.1,88.2,85.4,9.6,5,597,117,23,0,0,163,81,15.9,3.1,0,0,0.2
E01000939,Camden 024C,40,9,42,22,52.4,475,422,299,48,65,63,38.7,13.7,247,68,87,7,193,225,120,216,26.1,7.2,9.2,0.7,20.4,23.8,12.7,22.8,90,124,1009,962,176,85,7.4,10.1,82.5,78.7,14.4,7,331,105,10,0,0,125,74.2,23.5,2.2,0,0,0.3
E01000940,Camden 024D,39,7,37,21,56.8,467,408,270,69,57,71,38.7,12.2,162,68,65,6,96,432,110,263,17.3,7.2,6.9,0.6,10.2,46,11.7,28,88,94,948,910,149,71,7.8,8.3,83.9,80.5,13.2,6.3,421,103,6,4,0,127,78.8,19.3,1.1,0.7,0,0.2
E01000853,Camden 025A,26,3,69,17,24.6,733,498,490,110,98,35,48.7,13.4,304,111,120,11,178,519,140,188,22,8,8.7,0.8,12.9,37.5,10.1,13.6,218,196,1217,1186,277,168,13.4,12,74.6,72.7,17,10.3,700,122,16,2,0,160,83.3,14.5,1.9,0.2,0,0.2
E01000937,Camden 025B,8,2,28,5,17.9,600,722,333,83,44,140,31.5,7.3,96,55,88,4,338,650,130,716,7.1,4,6.5,0.3,24.8,47.8,9.6,52.6,77,72,1355,1337,109,58,5.1,4.8,90.1,88.9,7.2,3.9,433,60,8,1,0,79,86.3,12,1.6,0.2,0,0.2
E01000941,Camden 025C,45,8,61,30,49.2,553,380,361,87,67,38,48,12.1,243,115,119,17,109,281,116,104,24.3,11.5,11.9,1.7,10.9,28.1,11.6,10.4,142,149,939,910,200,120,11.5,12.1,76.3,74,16.3,9.8,418,127,10,1,1,154,75,22.8,1.8,0.2,0.2,0.3
E01000942,Camden 025D,16,2,22,14,63.6,793,1164,421,110,34,228,27.1,4.3,85,76,145,5,833,697,165,1228,4.2,3.8,7.2,0.2,41.5,34.7,8.2,61.2,69,117,1925,1890,170,51,3.3,5.5,91.2,89.5,8.1,2.4,568,110,8,0,0,126,82.8,16,1.2,0,0,0.2
E01000943,Camden 025E,11,2,23,9,39.1,554,369,347,105,42,60,49,7.6,66,64,61,3,132,543,88,294,6.9,6.7,6.4,0.3,13.8,56.7,9.2,30.7,54,74,926,904,105,45,5.1,7,87.9,85.8,10,4.3,505,83,8,0,0,99,84.7,13.9,1.3,0,0,0.2
E01000850,Camden 026A,11,2,14,7,50,989,559,719,160,31,79,56.8,3.1,75,56,61,9,315,931,165,474,4.7,3.5,3.8,0.6,19.5,57.8,10.2,29.4,85,94,1515,1501,129,64,5,5.5,89.4,88.6,7.6,3.8,500,143,17,4,0,189,75.3,21.5,2.6,0.6,0,0.3
E01000851,Camden 026B,9,1,19,3,15.8,1119,1087,663,215,44,197,39.8,3.9,87,82,121,6,834,871,246,1109,3.9,3.6,5.4,0.3,37.1,38.8,10.9,49.4,66,101,2216,2176,146,61,2.8,4.2,93,91.3,6.1,2.6,653,175,28,5,0,246,75.8,20.3,3.3,0.6,0,0.3
E01000852,Camden 026C,6,1,10,6,60,574,901,310,74,24,166,26,4.2,101,56,81,10,507,615,174,896,6.5,3.6,5.2,0.6,32.8,39.8,11.3,58,63,96,1428,1396,140,51,4,6,90,88,8.8,3.2,523,93,7,1,1,114,83.7,14.9,1.1,0.2,0.2,0.2
E01000854,Camden 026D,12,2,44,9,20.5,750,809,454,128,49,119,37.3,6.5,145,74,85,6,499,660,147,697,9,4.6,5.3,0.4,30.9,40.8,9.1,43.1,101,116,1616,1586,151,96,5.5,6.3,88.2,86.5,8.2,5.2,564,129,19,6,0,185,78.6,18,2.6,0.8,0,0.3
E01000915,Camden 027A,51,8,50,35,70,770,388,530,126,79,35,56.6,10.3,273,105,105,32,135,463,121,116,22.1,8.5,8.5,2.6,10.9,37.5,9.8,9.4,147,130,1250,1211,188,128,9.6,8.5,81.9,79.3,12.3,8.4,446,167,18,4,0,215,70.2,26.3,2.8,0.6,0,0.3
E01000916,Camden 027B,37,4,57,22,38.6,1041,451,751,191,59,40,63.1,5.7,191,127,125,12,143,817,145,230,12.2,8.1,8,0.8,9.2,52.4,9.3,14.7,113,131,1552,1509,175,112,6.3,7.3,86.4,84,9.7,6.2,672,187,17,5,0,236,76.3,21.2,1.9,0.6,0,0.3
E01000917,Camden 027C,82,9,88,62,70.5,864,551,567,133,121,43,49.5,14,290,209,130,12,192,498,159,163,19.5,14,8.7,0.8,12.9,33.4,10.7,10.9,189,206,1493,1416,294,178,10,10.9,79.1,75,15.6,9.4,713,180,18,1,1,224,78.1,19.7,2,0.1,0.1,0.2
E01000920,Camden 027D,34,4,47,22,46.8,1169,450,742,310,67,50,65,5.7,205,99,111,26,201,908,152,217,12,5.8,6.5,1.5,11.8,53.3,8.9,12.7,125,161,1660,1648,200,98,6.4,8.3,85.3,84.7,10.3,5,654,247,40,4,1,343,69.1,26.1,4.2,0.4,0.1,0.4
E01000855,Camden 028A,7,1,7,4,57.1,1180,443,879,187,53,61,65.7,4.5,79,76,101,6,200,1105,146,277,4.6,4.4,5.9,0.4,11.7,64.5,8.5,16.2,61,140,1563,1501,199,64,3.5,7.9,88.6,85.1,11.3,3.6,903,184,18,4,2,240,81.3,16.6,1.6,0.4,0.2,0.2
E01000914,Camden 028B,14,1,22,8,36.4,1015,509,652,265,51,47,60.2,5,124,72,96,7,242,935,150,340,7.6,4.4,5.9,0.4,14.9,57.5,9.2,20.9,102,129,1531,1528,154,80,5.8,7.3,86.9,86.7,8.7,4.5,713,204,43,4,6,328,73.5,21,4.4,0.4,0.6,0.3
E01000918,Camden 028C,22,2,39,20,51.3,1139,661,718,227,86,108,52.5,7.6,211,110,172,15,300,873,205,355,11.2,5.8,9.1,0.8,15.9,46.3,10.9,18.8,161,203,1726,1717,249,124,7.7,9.7,82.6,82.2,11.9,5.9,726,175,24,9,1,254,77.6,18.7,2.6,1,0.1,0.3
E01000919,Camden 028D,19,2,31,13,41.9,1080,717,732,200,51,97,51.9,4.7,174,107,153,7,393,754,262,513,9.4,5.8,8.3,0.4,21.2,40.8,14.2,27.7,112,141,1761,1723,201,90,5.6,7,87.4,85.6,10,4.5,639,165,24,4,2,236,76.6,19.8,2.9,0.5,0.2,0.3
